Mindbloom,"2,166"
Engagement,Post-Dates
12,2022-01-25
2,2022-05-02
4,2022-04-29
3,2022-04-28
1,2022-03-07
0,2022-03-04
5,2022-03-03
1,2022-03-02
0,2022-03-01
2,2022-03-01
3,2022-02-28
1,2022-02-25
0,2022-02-24
2,2022-02-23
6,2021-11-04
0,2021-10-22
7,2021-10-15
3,2021-10-14
1,2021-10-13
4,2021-08-03
1,2021-08-03
5,2021-07-30
10,2021-07-28
13,2021-07-28
0,2020-12-29
4,2020-12-24
1,2020-12-23
1,2020-12-21
7,2020-12-17
1,2020-12-13
3,2020-12-11
3,2020-12-08
1,2020-05-14
3,2020-05-12
1,2020-05-11
1,2020-05-08
2,2020-05-06
1,2020-05-04
7,2020-05-01
1,2020-03-09
0,2020-02-28
2,2019-11-20
